Modèle,R²_mean,R²_std,RMSE_mean,RMSE_std,MAE_mean,MAE_std,CV_Coefficient
Random Forest (Base),0.661809180517884,0.2370530397977635,27364.46603758164,6290.0503104140635,16043.432336649008,5909.606148068627,35.8189409842068
Random Forest (Tuned),0.6752754811052286,0.2303408140521662,26778.00242586931,4440.0295620606175,15901.305805746659,4299.0535543035685,34.110643803498625
Extra Trees (Base),0.6444951402451687,0.2670491332617238,27567.917292733455,7019.94586905948,16273.037777389138,6552.551161998045,41.43539905671549
Extra Trees (Tuned),0.6464500120335308,0.24601312285797794,28010.13380905068,5881.94230180697,16810.788348096004,5605.750656390979,38.05601644032725
