model_name,train_r2,test_r2,train_rmse,test_rmse,train_mae,test_mae,overfit
Extra Trees,0.9485765345327909,0.8905835836226662,15141.48215719866,20310.587605721757,7808.197489260776,13358.723571261015,0.057992950910124685
CatBoost,0.8966306879443909,0.8779466710772004,21467.60183529077,21451.42065696726,12843.109157653658,14216.910384129302,0.018684016867190567
LightGBM,0.9226787712208024,0.8658915833412403,18566.801413946254,22485.8475760059,10869.807998041275,14391.453789897447,0.05678718787956216
XGBoost,0.9632960054524023,0.8630044348806034,12792.174781090407,22726.60160983809,7562.800221415226,14356.916862970214,0.10029157057179894
Random Forest,0.936671605032699,0.8555017091738665,16803.005104457527,23340.631385665794,8846.676667052247,14400.469751910568,0.0811698958588325
Linear Regression,0.749139679319391,0.7688407887175122,33442.88267886988,29521.393037233862,21034.765978533967,20051.9634748793,-0.019701109398121197
Lasso Regression,0.7485072616971407,0.7680453952898882,33485.010814927744,29572.139355221694,21040.705834312004,20089.371150610546,-0.019538133592747586
Ridge Regression,0.7475895947455258,0.7676597543032211,33546.046589261576,29596.712035864046,21074.59150413901,20084.50227242909,-0.02007015955769531
