Modèle,R² Train,R² Test,RMSE Test,MAE Test,Overfitting
Random Forest (Base),0.936671605032699,0.8555017091738665,23340.631385665794,14400.469751910568,0.0811698958588325
Random Forest (Tuned),0.9363157220901954,0.871242377258596,22032.6999301464,14550.771068847132,0.06507334483159943
Extra Trees (Base),0.9485765345327909,0.8905835836226662,20310.587605721757,13358.723571261015,0.057992950910124685
Extra Trees (Tuned),0.9365326200821625,0.8748587486244435,21721.08382465461,14411.60025849878,0.061673871457719076
